CREATE TABLE HOSPITAL(
    HOSPITAL_ID char(6) PRIMARY KEY NOT NULL,
    HOSPITAL_NAME varchar(100) NOT NULL,
    HOSPITAL_PHONE varchar(20) NOT NULL ,
    HOSPITAL_EMAIL varchar(100) NOT NULL UNIQUE
);

CREATE TABLE DEPARTMENT(
    DEPARTMENT_ID char(6) PRIMARY KEY NOT NULL,
    DEPARTMENT_NAME varchar(100) NOT NULL,
    DEPARTMENT_TYPE varchar(50) NOT NULL,
    DEPARTMENT_PHONE varchar(20) NOT NULL,
    HOSPITAL_ID char(6) NOT NULL,
    FOREIGN KEY(HOSPITAL_ID) REFERENCES HOSPITAL(HOSPITAL_ID)
);

CREATE TABLE DOCTOR(
    DOCTOR_ID char(6) PRIMARY KEY NOT NULL,
    DOCTOR_NAME varchar(100) NOT NULL,
    GENDER char(1) NOT NULL CHECK( GENDER IN ('M','F','O') ),
    DEPARTMENT_ID char(6) NOT NULL,
    FOREIGN KEY(DEPARTMENT_ID) REFERENCES DEPARTMENT(DEPARTMENT_ID)
);


CREATE TABLE APPOINTMENT(
    APPOINTMENT_ID char(6) PRIMARY KEY NOT NULL,
    APPOINTMENT_DATE DATE NOT NULL,
    APPOINTMENT_TIME TIME NOT NULL,
    APPOINTMENT_STATUS varchar(20) NOT NULL CHECK(STATUS IN ('Scheduled','Completed','Cancelled')),
    PATIENT_ID char(6) NOT NULL,
    DOCTOR_ID char(6) NOT NULL,
    FOREIGN KEY(PATIENT_ID) REFERENCES PATIENT(PATIENT_ID),
    FOREIGN KEY(DOCTOR_ID) REFERENCES DOCTOR(DOCTOR_ID)
);

CREATE TABLE WARD(
    WARD_ID char(6) PRIMARY KEY NOT NULL,
    WARD_NAME varchar(100) NOT NULL,
    WARD_PHONE varchar(20) NOT NULL,
    DEPARTMENT_ID char(6) NOT NULL,
    FOREIGN KEY(DEPARTMENT_ID) REFERENCES DEPARTMENT(DEPARTMENT_ID)
);


// Insert data 
INSERT INTO HOSPITAL VALUES('H00001', 'Subang Jaya Branch', '03-74919191', 'subangjaya@hospital.com');
INSERT INTO HOSPITAL VALUES('H00002', 'Ampang Branch', '03-42702500', 'ampang@hospital.com');
INSERT INTO HOSPITAL VALUES('H00003', 'KL Central Branch', '03-22960888', 'klcentral@hospital.com');
INSERT INTO HOSPITAL VALUES('H00004', 'Bukit Bintang Branch', '03-41413000', 'bukitbintang@hospital.com');
INSERT INTO HOSPITAL VALUES('H00005', 'Shah Alam Branch', '03-55138888', 'shahalam@hospital.com');

INSERT INTO DEPARTMENT VALUES('D00001', 'Cardiology', 'Medical', '03-74919192', 'H00001');
INSERT INTO DEPARTMENT VALUES('D00002', 'Orthopedics', 'Surgical', '03-42702501', 'H00002');
INSERT INTO DEPARTMENT VALUES('D00003', 'Pediatrics', 'Medical', '03-22960889', 'H00003');
INSERT INTO DEPARTMENT VALUES('D00004', 'Neurology', 'Medical', '03-41413001', 'H00004');
INSERT INTO DEPARTMENT VALUES('D00005', 'Oncology', 'Medical', '03-55138889', 'H00005');


INSERT INTO DOCTOR VALUES('DOC001', 'John Tan', 'M', 'D00001');
INSERT INTO DOCTOR VALUES('DOC002', 'Sarah Lim', 'F', 'D00002');
INSERT INTO DOCTOR VALUES('DOC003', 'Ahmad Rahman', 'M', 'D00003');
INSERT INTO DOCTOR VALUES('DOC004', 'Emily Wong', 'F', 'D00004');
INSERT INTO DOCTOR VALUES('DOC005', 'David Lee', 'M', 'D00005');

INSERT INTO WARD VALUES('W00001', 'Cardiac Ward A', '03-74919200', 'D00001');
INSERT INTO WARD VALUES('W00002', 'Orthopedic Ward B', '03-42702520', 'D00002');
INSERT INTO WARD VALUES('W00003', 'Children Ward', '03-22960900', 'D00003');
INSERT INTO WARD VALUES('W00004', 'Neuro Ward', '03-41413020', 'D00004');
INSERT INTO WARD VALUES('W00005', 'Cancer Care Ward', '03-55138900', 'D00005');




